epoch,train_loss,train_acc@1,train_acc@5,test_loss,test_acc@1,test_acc@5
1,1.825954455833435,33.251999999999995,83.056,1.5208424053192138,44.82,90.92
2,1.496357013282776,46.512,90.25800000000001,1.1582433898925781,59.050000000000004,94.83
3,1.2995702553939819,53.52,92.764,1.142513416481018,60.88,95.27
4,1.189956363544464,57.879999999999995,93.762,0.9739824482917786,65.78,97.38
5,1.1008044791030884,61.275999999999996,94.83200000000001,0.8147525751113892,71.28999999999999,97.97
6,1.0430145476531982,63.41,95.178,0.9502483592987061,68.49,97.21
7,0.9976902703094482,64.924,95.542,0.8247069812774658,72.77,98.17
8,0.9536188470840454,66.654,95.85000000000001,0.7544001586914062,74.46000000000001,98.18
9,0.9201032793807984,67.78999999999999,96.20400000000001,0.6543260562896729,77.84,98.46000000000001
10,0.885023560256958,68.774,96.45,0.8087453676223755,73.88,97.18
11,0.8769444909667968,69.35,96.318,0.6358178050518036,77.81,98.86
12,0.8478844775390625,70.26599999999999,96.602,0.6752682483673096,77.2,98.53
13,0.819109414024353,71.148,96.828,0.6558613837242127,77.53999999999999,98.79
14,0.8054013433265687,71.894,97.0,0.6246429679870605,79.46,98.76
15,0.7893810178375245,72.476,96.868,0.567259561252594,80.57,99.16
16,0.7692485533332825,72.97200000000001,96.934,0.6002916829109192,79.53,98.98
17,0.7627062350654602,73.234,97.102,0.5349348696708679,82.27,99.00999999999999
18,0.7407272456359864,74.05199999999999,97.32600000000001,0.5108542838096619,82.69999999999999,99.22
19,0.7284203587150574,74.53999999999999,97.396,0.5886624061584472,80.4,99.07000000000001
20,0.7184729775619507,75.006,97.356,0.4883499678134918,83.63000000000001,99.29
21,0.7051227611541748,75.622,97.404,0.480260680770874,83.59,99.25
22,0.6968953445625305,75.77199999999999,97.428,0.5359778615951538,81.67999999999999,99.17
23,0.6873538764762879,75.996,97.506,0.45505445342063905,84.48,99.42
24,0.6801149733734131,76.158,97.57000000000001,0.4877096236228943,83.35000000000001,99.13
25,0.6725692125320435,76.388,97.544,0.5195758912086487,83.17999999999999,99.1
26,0.6702155993747712,76.626,97.502,0.4414239936351776,85.00999999999999,99.38
27,0.6498592511177063,77.42,97.70400000000001,0.4812880563020706,84.32,99.2
28,0.6415291334915161,77.574,97.804,0.4251623406410217,85.8,99.51
29,0.6401623155403138,77.416,97.774,0.4552715176105499,85.02,99.53
30,0.6299006834220886,77.996,97.77,0.461806999874115,84.92,99.21
31,0.6230907070541382,78.11200000000001,97.78,0.4449224816799164,84.99,99.45
32,0.6128748322868347,78.79599999999999,97.944,0.42243582310676575,86.05000000000001,99.49
33,0.6051792494010926,79.018,97.858,0.48517001662254333,84.46000000000001,99.39
34,0.605219850063324,78.922,97.87,0.4365674798488617,85.83,99.55000000000001
35,0.5975085869216918,79.038,97.882,0.3964637056827545,86.53,99.57000000000001
36,0.5909283560371399,79.54599999999999,97.896,0.38446567533016207,86.79,99.6
37,0.5772261759567261,79.84400000000001,98.03399999999999,0.44548100533485413,85.68,99.46000000000001
38,0.5750477104568481,79.984,97.994,0.3748066847324371,87.27000000000001,99.63
39,0.5703042686843872,80.082,97.98,0.4299005175113678,85.94000000000001,99.63
40,0.570261699180603,80.14,98.044,0.416184051501751,86.24000000000001,99.52
41,0.5597986356544494,80.39,98.194,0.4348042525291443,86.02,99.5
42,0.5567368690681458,80.604,98.166,0.423263116812706,86.42,99.41
43,0.5494090185546875,80.78800000000001,98.154,0.40137807540893555,86.64,99.57000000000001
44,0.5471664220809936,80.888,98.20400000000001,0.4540830129623413,85.96000000000001,99.28
45,0.5434426461601257,80.85799999999999,98.114,0.3732614031791687,88.11,99.63
46,0.5348924518585205,81.22200000000001,98.32600000000001,0.41115466203689577,86.83,99.35000000000001
47,0.5300962449645996,81.45400000000001,98.212,0.3606817219257355,88.14999999999999,99.45
48,0.5307479574203491,81.65,98.22999999999999,0.3498557231903076,88.22,99.65
49,0.5241153812408448,81.69800000000001,98.324,0.3693457085609436,88.38000000000001,99.53999999999999
50,0.5187636287117005,81.736,98.256,0.4097341213226318,87.03999999999999,99.57000000000001
51,0.5210117824935913,81.744,98.244,0.37265865268707277,88.39,99.58
52,0.5115595259284973,82.26400000000001,98.34,0.37292864279747007,88.53,99.65
53,0.5102387235450745,82.152,98.422,0.3637585774898529,88.55,99.61
54,0.5025257736206055,82.518,98.372,0.39762302713394165,87.8,99.61
55,0.5044563816928863,82.426,98.374,0.3503393854141235,88.72,99.61
56,0.4918302277755737,83.03,98.428,0.3416574673175812,89.18,99.76
57,0.49506879899024964,82.652,98.478,0.3457091325759888,89.27000000000001,99.6
58,0.47995604491233823,83.192,98.50999999999999,0.4036726706504822,87.79,99.59
59,0.4951902651977539,82.686,98.436,0.30681324841976165,90.01,99.71
60,0.4845683342170715,83.19,98.38,0.34224166152477264,89.52,99.67
61,0.4758463283920288,83.37400000000001,98.452,0.37647812938690184,88.08,99.63
62,0.4707461967277527,83.604,98.47399999999999,0.3404274550914764,89.34,99.66000000000001
63,0.4773031593132019,83.486,98.368,0.3633616548538208,88.89,99.71
64,0.4728700379562378,83.60600000000001,98.578,0.355209525680542,88.86,99.64
65,0.4768686009311676,83.482,98.398,0.38084102506637574,88.31,99.58
66,0.46776515953063963,83.71600000000001,98.502,0.33993723692893985,89.77000000000001,99.69
67,0.4649789072322845,83.724,98.436,0.3727061165094376,88.69,99.67
68,0.463277125415802,83.784,98.58200000000001,0.3722632050037384,88.98,99.61
69,0.45092806425094606,84.198,98.612,0.3895944152355194,88.6,99.56
70,0.4572306934928894,83.97,98.466,0.33887637671232224,89.96,99.66000000000001
71,0.457738544178009,84.074,98.56200000000001,0.35700987434387205,89.17,99.59
72,0.44611014912605285,84.548,98.584,0.3787978971004486,88.97,99.63
73,0.44812224630355835,84.428,98.50999999999999,0.333228631401062,89.62,99.68
74,0.4447811916542053,84.6,98.536,0.30841071157455446,90.56,99.7
75,0.44414170526504515,84.512,98.59599999999999,0.33379837923049926,89.86,99.63
76,0.44846140038490295,84.298,98.48599999999999,0.34219143211841585,89.81,99.67
77,0.4456900909614563,84.248,98.492,0.3510544212341309,89.67,99.6
78,0.43084186807632446,84.97200000000001,98.644,0.3150782733917236,90.45,99.72999999999999
79,0.43482263702392576,84.82600000000001,98.578,0.3126105540752411,90.62,99.7
80,0.4355352258872986,84.83800000000001,98.618,0.3962868643283844,88.42,99.64
81,0.4323163122177124,84.918,98.53,0.3453402627706528,89.85,99.71
82,0.43174497589111327,84.748,98.634,0.4125289179801941,88.92,99.56
83,0.4263836622238159,85.09400000000001,98.65,0.3377274021148682,89.9,99.72
84,0.42704940001487735,84.99,98.682,0.35259054317474364,90.36,99.61
85,0.4233578967952728,85.236,98.688,0.3424000130653381,89.94,99.71
86,0.42198870246887205,85.454,98.578,0.3409322398662567,89.95,99.66000000000001
87,0.4205554623031616,85.39999999999999,98.59599999999999,0.37032140531539914,89.31,99.56
88,0.41869430490493775,85.304,98.67,0.3933861201286316,89.14,99.66000000000001
89,0.4162747416782379,85.524,98.584,0.32897406396865847,90.44,99.69
90,0.41405797119140625,85.52199999999999,98.648,0.3485864242553711,90.23,99.62
91,0.4127901545906067,85.58,98.682,0.35414753956794737,89.97,99.59
92,0.41005270186424253,85.894,98.672,0.3483107985496521,89.96,99.68
93,0.4071232231044769,85.874,98.634,0.4105216881752014,88.82,99.59
94,0.41268670052528383,85.622,98.682,0.3579213146686554,90.24,99.67
95,0.40304169080734253,86.056,98.694,0.3317931044578552,90.31,99.66000000000001
96,0.40210971433639525,86.148,98.646,0.2997030082941055,91.06,99.74
97,0.40207154040336607,85.988,98.71,0.3299501209259033,90.58,99.68
98,0.3996539762687683,85.9,98.722,0.35139964418411257,90.03,99.56
99,0.3994023072338104,86.10799999999999,98.724,0.3203794660806656,90.94,99.71
100,0.3905648394584656,86.422,98.75,0.34822351694107057,90.71000000000001,99.67
101,0.39198148839950564,86.42999999999999,98.71,0.36693888363838195,90.07,99.62
102,0.397213995218277,86.21799999999999,98.614,0.3355079222202301,90.72,99.72999999999999
103,0.3952191180229187,86.076,98.72999999999999,0.32885253205299375,90.58,99.75
104,0.38540330626487734,86.72800000000001,98.69200000000001,0.37072973704338075,90.10000000000001,99.78
105,0.38675333600997924,86.458,98.776,0.3208430264472961,90.97,99.72999999999999
106,0.3772785007286072,87.0,98.71,0.3396806932449341,90.82000000000001,99.71
107,0.37993164545059205,86.78,98.818,0.3582533306360245,90.41,99.72999999999999
108,0.38319598433494567,86.586,98.756,0.3430006729006767,90.55,99.71
109,0.38588766386032103,86.532,98.778,0.35732791538238523,90.75,99.65
110,0.38157428117752074,86.714,98.682,0.38043769617080686,90.19,99.72
111,0.3825239740180969,86.696,98.72999999999999,0.3620247254371643,90.66,99.75
112,0.38127503379821776,86.79400000000001,98.75399999999999,0.3007282172679901,91.63,99.77000000000001
113,0.3797819203186035,86.858,98.81400000000001,0.33226174845695494,91.0,99.72999999999999
114,0.37477549231529234,86.88,98.784,0.35957467842102053,90.64,99.65
115,0.3780029243659973,86.79599999999999,98.72999999999999,0.3452027066230774,90.82000000000001,99.66000000000001
116,0.373222939453125,87.12,98.786,0.33388765711784363,90.53,99.77000000000001
117,0.3758108526134491,86.906,98.68599999999999,0.34737911403179167,90.58,99.63
118,0.3662895313358307,87.236,98.866,0.35998827743530276,90.59,99.6
119,0.3670096245765686,87.102,98.83,0.3453169677734375,91.10000000000001,99.72
120,0.3646135367012024,87.33,98.804,0.33322507543563845,90.99000000000001,99.74
121,0.3712326644039154,87.054,98.756,0.3114162793636322,91.71000000000001,99.76
122,0.35739109707832334,87.64,98.9,0.3378078987121582,91.19,99.75
123,0.36552201862335204,87.31,98.886,0.37013805866241456,90.33,99.59
124,0.36749827045440675,87.252,98.82,0.33257184357643127,90.9,99.72999999999999
125,0.3645488884544373,87.254,98.784,0.3339446109771729,91.0,99.7
126,0.36484422164440156,87.37,98.83999999999999,0.34256264548301696,90.8,99.7
127,0.3562821948337555,87.71,98.882,0.3382230272293091,90.75999999999999,99.69
128,0.35709126916885375,87.58,98.882,0.31076941368579863,91.34,99.76
129,0.35676985460281374,87.676,98.798,0.37858635540008545,90.25,99.56
130,0.34800925989151,87.812,98.856,0.3558588445186615,90.28,99.65
131,0.354017385225296,87.636,98.888,0.3363252451896667,91.12,99.65
132,0.3489236124420166,87.874,98.92999999999999,0.31200394439697265,91.46,99.75
133,0.35383177708625796,87.548,98.908,0.34730898342132566,91.13,99.75
134,0.3570563495540619,87.678,98.854,0.34162700748443603,91.11,99.72
135,0.34955239213943484,87.708,98.92800000000001,0.35491476912498476,90.92,99.7
136,0.35069684325218203,87.726,98.822,0.3436965079307556,90.96,99.78
137,0.3557398613023758,87.68599999999999,98.89,0.3302467318058014,91.36,99.7
138,0.34850646744728087,87.888,98.896,0.3427961961746216,91.28,99.76
139,0.3423217202949524,88.094,98.85000000000001,0.3516859495162964,91.14999999999999,99.6
140,0.349617338886261,87.834,98.894,0.3682924286842346,90.99000000000001,99.67
141,0.3451370712852478,88.016,98.824,0.37192185592651367,90.89,99.62
142,0.3423057201099396,88.196,98.926,0.3126304923057556,91.66,99.71
143,0.3490457936191559,87.868,98.83999999999999,0.36158854751586916,90.9,99.68
144,0.3426479586791992,88.252,98.882,0.3763971270561218,90.95,99.59
145,0.3424595252799988,88.126,98.888,0.3750691345691681,90.97,99.76
146,0.3439104433441162,88.184,98.82600000000001,0.3542774865627289,91.32000000000001,99.68
147,0.34117079728126526,88.098,98.848,0.34848747506141664,91.36999999999999,99.72999999999999
148,0.34080904525756833,88.262,98.952,0.34602925186157224,91.28,99.72
149,0.3360208747959137,88.39,98.92,0.37064777698516843,90.82000000000001,99.74
150,0.3413591767311096,88.14,98.882,0.3727585274934769,90.96,99.63
151,0.33635601477622984,88.232,98.868,0.32371747612953183,91.52,99.7
152,0.3342964952468872,88.436,98.938,0.31120504474639893,91.62,99.68
153,0.3393355498504639,88.30799999999999,98.902,0.3351807610988617,91.47999999999999,99.75
154,0.3349609941005707,88.476,98.886,0.36430581712722776,91.29,99.66000000000001
155,0.3370853050041199,88.304,98.904,0.3552930159330368,91.25999999999999,99.72999999999999
156,0.3335894502735138,88.458,98.91,0.3437639271736145,91.47,99.75
157,0.3355599380683899,88.30799999999999,98.86399999999999,0.35462537117004395,91.17,99.68
158,0.3343057945823669,88.4,98.938,0.3537729670524597,91.19,99.6
159,0.33139228981018065,88.548,98.894,0.34053082456588746,91.3,99.7
160,0.33239500158309937,88.458,98.91799999999999,0.34563708024024964,91.36,99.7
161,0.33420645492553713,88.544,98.888,0.362397275352478,91.11,99.72
162,0.3299669924879074,88.488,98.962,0.33383857355117796,91.78,99.66000000000001
163,0.3344455720615387,88.47,98.886,0.3658831508636475,91.41,99.64
164,0.32212504778385165,88.768,99.00999999999999,0.3266691467285156,91.86999999999999,99.77000000000001
165,0.32735367606163024,88.68,98.976,0.34626799049377444,91.67999999999999,99.67
166,0.3233809900665283,88.82,98.996,0.380732192325592,91.27,99.67
167,0.32400901970863344,88.712,98.916,0.39138282413482667,90.9,99.62
168,0.3254534689617157,88.67,98.962,0.3665341980934143,91.24,99.59
169,0.3213232608222961,89.1,98.91799999999999,0.33505846552848817,91.78,99.71
170,0.3221569628238678,88.88000000000001,98.856,0.34228690385818483,91.39,99.75
171,0.31664423195838926,89.098,98.964,0.3457819572925568,91.7,99.69
172,0.3227641817378998,88.824,98.938,0.3874893802642822,91.19,99.7
173,0.3228008435630798,88.792,98.952,0.4040743064880371,90.52,99.55000000000001
174,0.3214019467830658,88.914,99.028,0.32968499822616576,91.56,99.72
175,0.3245828705215454,88.776,98.964,0.37112247529029846,91.0,99.65
176,0.3198621888637543,88.8,98.92,0.33923196768760683,91.72,99.68
177,0.3224568187522888,88.81400000000001,98.926,0.35397701263427733,91.55,99.71
178,0.3093947314834595,89.374,99.064,0.35754588680267335,91.43,99.71
179,0.31862660150527955,89.008,98.98,0.36725090866088866,91.32000000000001,99.71
180,0.3144217023468018,89.116,98.944,0.35000680856704713,91.38,99.7
181,0.31426665741920473,89.19399999999999,99.054,0.3436351305007935,91.43,99.72
182,0.31594027122974394,88.872,99.012,0.36040550282001493,91.52,99.66000000000001
183,0.31471501757621767,88.952,99.012,0.3573332810878754,91.64,99.7
184,0.3083531976890564,89.32,99.034,0.38995936570167544,90.89,99.6
185,0.3148145184421539,89.156,99.014,0.34318468160629273,91.86999999999999,99.69
186,0.3133830456733704,89.114,99.03800000000001,0.33658420090675356,91.9,99.79
187,0.3128140761566162,89.068,98.962,0.40600379033088685,90.82000000000001,99.75
188,0.3068824219608307,89.364,98.98599999999999,0.34765176267623904,91.75,99.78
189,0.3082375230503082,89.214,99.048,0.3476073112487793,92.05,99.75
190,0.3196723708677292,88.902,99.00999999999999,0.32883776779174806,92.04,99.78
191,0.3054826370334625,89.352,99.068,0.3702380856513977,91.61,99.52
192,0.31074538419723513,89.176,99.016,0.3512806676864624,91.92,99.68
193,0.31191492219924927,89.226,99.032,0.38184460535049436,91.24,99.64
194,0.3106902745723724,89.216,99.004,0.34132898211479185,91.5,99.68
195,0.30014573103904724,89.606,99.092,0.3821234903812408,91.49000000000001,99.7
196,0.3082842344093323,89.134,99.03,0.35169689061641696,92.02,99.72
197,0.307308833026886,89.292,99.002,0.3524592887163162,91.84,99.68
198,0.30334951043128966,89.51400000000001,99.016,0.3782208658695221,91.41,99.76
199,0.3094152857875824,89.266,98.988,0.3614437216281891,91.74,99.7
200,0.3099162861728668,89.254,99.02,0.3583005574941635,91.67999999999999,99.77000000000001
